restaurant_id,business_name,business_price,business_url,business_review_count,business_display_address,business_image_url,business_display_phone,business_categories
YLV7ZZoyOAXW3eqidGXBZA,The Smoking Goat,$$$,https://www.yelp.com/biz/the-smoking-goat-san-diego?adjust_creative=cM1zrjoabjXir-vOTu86eg&utm_campaign=yelp_api_v3&utm_medium=api_v3_business_search&utm_source=cM1zrjoabjXir-vOTu86eg,1758,"['3408 30th St', 'San Diego, CA 92104']",https://s3-media3.fl.yelpcdn.com/bphoto/GNINLVaWlMq76lpvDhUm0Q/o.jpg,(619) 955-5295,"[{'alias': 'french', 'title': 'French'}, {'alias': 'newamerican', 'title': 'New American'}, {'alias': 'bars', 'title': 'Bars'}]"
_zFYC91bOjXC9EdsT8VnVQ,Parc Bistro-Brasserie,$$$,https://www.yelp.com/biz/parc-bistro-brasserie-san-diego?adjust_creative=cM1zrjoabjXir-vOTu86eg&utm_campaign=yelp_api_v3&utm_medium=api_v3_business_search&utm_source=cM1zrjoabjXir-vOTu86eg,777,"['2760 5th Ave', 'San Diego, CA 92103']",https://s3-media2.fl.yelpcdn.com/bphoto/nXMP3P6A6VTJlOaOuQ8E_g/o.jpg,(619) 795-1501,"[{'alias': 'seafood', 'title': 'Seafood'}, {'alias': 'french', 'title': 'French'}, {'alias': 'breakfast_brunch', 'title': 'Breakfast & Brunch'}]"
A3ByoJEG50eCzJ0OjGKh6A,Bleu Bohème,$$$,https://www.yelp.com/biz/bleu-boh%C3%A8me-san-diego-6?adjust_creative=cM1zrjoabjXir-vOTu86eg&utm_campaign=yelp_api_v3&utm_medium=api_v3_business_search&utm_source=cM1zrjoabjXir-vOTu86eg,1463,"['4090 Adams Ave', 'San Diego, CA 92116']",https://s3-media4.fl.yelpcdn.com/bphoto/dyXAfgTka2ZbUgrSlAnwDQ/o.jpg,(619) 255-4167,"[{'alias': 'french', 'title': 'French'}, {'alias': 'modern_european', 'title': 'Modern European'}]"
GanSI9bQ9DM0oooi4_1kLw,La Bonne Table,$$$,https://www.yelp.com/biz/la-bonne-table-san-diego?adjust_creative=cM1zrjoabjXir-vOTu86eg&utm_campaign=yelp_api_v3&utm_medium=api_v3_business_search&utm_source=cM1zrjoabjXir-vOTu86eg,326,"['3696 5th Ave', 'San Diego, CA 92103']",https://s3-media3.fl.yelpcdn.com/bphoto/pjAF6NeCIFTBfARRDvMh2A/o.jpg,(619) 260-8039,"[{'alias': 'french', 'title': 'French'}]"
zgsG_vV9GiyJQ-ZFoMAYYw,Wolfie's Carousel Bar,$$$,https://www.yelp.com/biz/wolfies-carousel-bar-san-diego?adjust_creative=cM1zrjoabjXir-vOTu86eg&utm_campaign=yelp_api_v3&utm_medium=api_v3_business_search&utm_source=cM1zrjoabjXir-vOTu86eg,628,"['2401 Kettner Blvd', 'San Diego, CA 92101']",https://s3-media2.fl.yelpcdn.com/bphoto/SUw8ZVF5Gg29f875-M_kfg/o.jpg,(619) 255-7533,"[{'alias': 'french', 'title': 'French'}, {'alias': 'cocktailbars', 'title': 'Cocktail Bars'}, {'alias': 'breakfast_brunch', 'title': 'Breakfast & Brunch'}]"
aume4I76LG3Qu0cTcMZ_PA,Et Voilà French Bistro,$$$,https://www.yelp.com/biz/et-voil%C3%A0-french-bistro-san-diego?adjust_creative=cM1zrjoabjXir-vOTu86eg&utm_campaign=yelp_api_v3&utm_medium=api_v3_business_search&utm_source=cM1zrjoabjXir-vOTu86eg,778,"['3015 Adams Ave', 'San Diego, CA 92116']",https://s3-media4.fl.yelpcdn.com/bphoto/iwXc9F818UFZfhJrLQA8DA/o.jpg,(619) 209-7759,"[{'alias': 'bars', 'title': 'Bars'}, {'alias': 'french', 'title': 'French'}]"
lfMX3hf_shaUi5oDxaui2g,Bistro Du Marché,$$$,https://www.yelp.com/biz/bistro-du-march%C3%A9-la-jolla?adjust_creative=cM1zrjoabjXir-vOTu86eg&utm_campaign=yelp_api_v3&utm_medium=api_v3_business_search&utm_source=cM1zrjoabjXir-vOTu86eg,176,"['7437 Girard Ave', 'La Jolla, CA 92037']",https://s3-media1.fl.yelpcdn.com/bphoto/P0z7Lvtu6cmZGLxvPC4YiA/o.jpg,(858) 551-7500,"[{'alias': 'french', 'title': 'French'}, {'alias': 'desserts', 'title': 'Desserts'}, {'alias': 'bars', 'title': 'Bars'}]"
f_5fpckHScVAdqZlcmztjw,Dobson's Bar & Restaurant,$$$,https://www.yelp.com/biz/dobsons-bar-and-restaurant-san-diego?adjust_creative=cM1zrjoabjXir-vOTu86eg&utm_campaign=yelp_api_v3&utm_medium=api_v3_business_search&utm_source=cM1zrjoabjXir-vOTu86eg,440,"['956 Broadway Cir', 'San Diego, CA 92101']",https://s3-media3.fl.yelpcdn.com/bphoto/MkiZ0xhm1kdIDY3eSdS2tg/o.jpg,(619) 231-6771,"[{'alias': 'french', 'title': 'French'}, {'alias': 'venues', 'title': 'Venues & Event Spaces'}, {'alias': 'tradamerican', 'title': 'American'}]"
eabyN1_U-eViLgHGXrPxug,Le Fontainebleau,$$$,https://www.yelp.com/biz/le-fontainebleau-san-diego?adjust_creative=cM1zrjoabjXir-vOTu86eg&utm_campaign=yelp_api_v3&utm_medium=api_v3_business_search&utm_source=cM1zrjoabjXir-vOTu86eg,110,"['1055 2nd Ave', 'Westgate Hotel', 'San Diego, CA 92101']",https://s3-media2.fl.yelpcdn.com/bphoto/lh28xjPsldhJU-MkVEIsCw/o.jpg,(619) 238-1818,"[{'alias': 'french', 'title': 'French'}]"
6Bsqo2SLjtSn_cwwD-4RAg,Black Sheep Brasserie,$$$,https://www.yelp.com/biz/black-sheep-brasserie-san-jose?adjust_creative=cM1zrjoabjXir-vOTu86eg&utm_campaign=yelp_api_v3&utm_medium=api_v3_business_search&utm_source=cM1zrjoabjXir-vOTu86eg,688,"['1202 Lincoln Ave', 'Ste 30', 'San Jose, CA 95125']",https://s3-media4.fl.yelpcdn.com/bphoto/dLAh6wG4TeNHbJueQ9J0Lw/o.jpg,(408) 816-7251,"[{'alias': 'newamerican', 'title': 'New American'}, {'alias': 'french', 'title': 'French'}, {'alias': 'brasseries', 'title': 'Brasseries'}]"
UTCJ3w9P9BqDXT_1jQAZWA,La Foret,$$$$,https://www.yelp.com/biz/la-foret-san-jose-4?adjust_creative=cM1zrjoabjXir-vOTu86eg&utm_campaign=yelp_api_v3&utm_medium=api_v3_business_search&utm_source=cM1zrjoabjXir-vOTu86eg,791,"['21747 Bertram Rd', 'San Jose, CA 95120']",https://s3-media2.fl.yelpcdn.com/bphoto/TGZtYDrwJvZQIuEqksvJWw/o.jpg,(408) 997-3458,"[{'alias': 'french', 'title': 'French'}, {'alias': 'venues', 'title': 'Venues & Event Spaces'}, {'alias': 'lounges', 'title': 'Lounges'}]"
-YCoRJ_31hCiamVdYdMVVg,Plumed Horse,$$$$,https://www.yelp.com/biz/plumed-horse-saratoga?adjust_creative=cM1zrjoabjXir-vOTu86eg&utm_campaign=yelp_api_v3&utm_medium=api_v3_business_search&utm_source=cM1zrjoabjXir-vOTu86eg,1373,"['14555 Big Basin Way', 'Saratoga, CA 95070']",https://s3-media2.fl.yelpcdn.com/bphoto/yXKymOTjpX6KDtS8PFnkNA/o.jpg,(408) 867-4711,"[{'alias': 'french', 'title': 'French'}, {'alias': 'newamerican', 'title': 'New American'}]"
bSi_zPvMyOYXbZaRRdayWw,Chez Philippe,$$$,https://www.yelp.com/biz/chez-philippe-los-gatos-2?adjust_creative=cM1zrjoabjXir-vOTu86eg&utm_campaign=yelp_api_v3&utm_medium=api_v3_business_search&utm_source=cM1zrjoabjXir-vOTu86eg,153,"['34 N Santa Cruz Ave', 'Los Gatos, CA 95030']",https://s3-media1.fl.yelpcdn.com/bphoto/8TLqlsWQnLobyioyjoQh0Q/o.jpg,(408) 442-5353,"[{'alias': 'french', 'title': 'French'}, {'alias': 'wine_bars', 'title': 'Wine Bars'}, {'alias': 'salad', 'title': 'Salad'}]"
Lade6mDymJB3bbScN-li2A,La Fondue,$$$$,https://www.yelp.com/biz/la-fondue-saratoga?adjust_creative=cM1zrjoabjXir-vOTu86eg&utm_campaign=yelp_api_v3&utm_medium=api_v3_business_search&utm_source=cM1zrjoabjXir-vOTu86eg,2453,"['14550 Big Basin Way', 'Saratoga, CA 95070']",https://s3-media1.fl.yelpcdn.com/bphoto/HX_2k0nS0t3DMFJ2kopIdA/o.jpg,(408) 886-4208,"[{'alias': 'french', 'title': 'French'}, {'alias': 'fondue', 'title': 'Fondue'}, {'alias': 'seafood', 'title': 'Seafood'}]"
7jidkejbcWaRsPhquW56lQ,Le Papillon,$$$$,https://www.yelp.com/biz/le-papillon-san-jose?adjust_creative=cM1zrjoabjXir-vOTu86eg&utm_campaign=yelp_api_v3&utm_medium=api_v3_business_search&utm_source=cM1zrjoabjXir-vOTu86eg,1215,"['410 Saratoga Ave', 'San Jose, CA 95129']",https://s3-media3.fl.yelpcdn.com/bphoto/_VGkXA7Z_dlxi2jlRa98Lg/o.jpg,(408) 296-3730,"[{'alias': 'french', 'title': 'French'}]"
AdxCSS0l-tu93jeyTNxn7Q,Épernay Bistro,$$$,https://www.yelp.com/biz/%C3%A9pernay-bistro-los-gatos?adjust_creative=cM1zrjoabjXir-vOTu86eg&utm_campaign=yelp_api_v3&utm_medium=api_v3_business_search&utm_source=cM1zrjoabjXir-vOTu86eg,121,"['29 E Main St', 'Los Gatos, CA 95030']",https://s3-media3.fl.yelpcdn.com/bphoto/yymZLvv1vvlWXT4wlX8o3g/o.jpg,(408) 827-4005,"[{'alias': 'french', 'title': 'French'}, {'alias': 'champagne_bars', 'title': 'Champagne Bars'}, {'alias': 'seafood', 'title': 'Seafood'}]"
AQG8enVJnGepbVow2Jp7SA,Chez TJ,$$$$,https://www.yelp.com/biz/chez-tj-mountain-view?adjust_creative=cM1zrjoabjXir-vOTu86eg&utm_campaign=yelp_api_v3&utm_medium=api_v3_business_search&utm_source=cM1zrjoabjXir-vOTu86eg,788,"['938 Villa St', 'Mountain View, CA 94041']",https://s3-media1.fl.yelpcdn.com/bphoto/UJaiDAEO8oDeifN51hBSYQ/o.jpg,(650) 964-7466,"[{'alias': 'french', 'title': 'French'}]"
2bAx84VeM-wTXaoul9g2Tg,La Mere Michelle,$$$,https://www.yelp.com/biz/la-mere-michelle-saratoga?adjust_creative=cM1zrjoabjXir-vOTu86eg&utm_campaign=yelp_api_v3&utm_medium=api_v3_business_search&utm_source=cM1zrjoabjXir-vOTu86eg,180,"['14467 Big Basin Way', 'Saratoga, CA 95070']",https://s3-media3.fl.yelpcdn.com/bphoto/c9l1ibbRtIa6-pGSVyiT3w/o.jpg,(408) 867-5272,"[{'alias': 'french', 'title': 'French'}]"
IFzC8hzQpKNfVuJh84p1sw,Copine,$$$$,https://www.yelp.com/biz/copine-seattle?adjust_creative=cM1zrjoabjXir-vOTu86eg&utm_campaign=yelp_api_v3&utm_medium=api_v3_business_search&utm_source=cM1zrjoabjXir-vOTu86eg,239,"['6460 24th Ave NW', 'Seattle, WA 98107']",https://s3-media1.fl.yelpcdn.com/bphoto/uqyv9GV5CAQ1_dyZ3-7JkQ/o.jpg,(206) 258-2467,"[{'alias': 'newamerican', 'title': 'New American'}, {'alias': 'french', 'title': 'French'}]"
Lk7UrSA-vlkRI-m_z6UUOQ,L'Oursin,$$$,https://www.yelp.com/biz/l-oursin-seattle?adjust_creative=cM1zrjoabjXir-vOTu86eg&utm_campaign=yelp_api_v3&utm_medium=api_v3_business_search&utm_source=cM1zrjoabjXir-vOTu86eg,129,"['1315 E Jefferson St', 'Seattle, WA 98122']",https://s3-media1.fl.yelpcdn.com/bphoto/ohqTVzhvP_BUCY8SQEwYLQ/o.jpg,(206) 485-7173,"[{'alias': 'french', 'title': 'French'}, {'alias': 'beer_and_wine', 'title': 'Beer, Wine & Spirits'}]"
OXkT4ZYdVhbIOQOKpkU3PQ,iconiq,$$$,https://www.yelp.com/biz/iconiq-seattle?adjust_creative=cM1zrjoabjXir-vOTu86eg&utm_campaign=yelp_api_v3&utm_medium=api_v3_business_search&utm_source=cM1zrjoabjXir-vOTu86eg,142,"['1421 31st Ave S', 'Seattle, WA 98144']",https://s3-media1.fl.yelpcdn.com/bphoto/oAPae5kITAlcz3mK-bDDNg/o.jpg,(206) 568-7715,"[{'alias': 'french', 'title': 'French'}, {'alias': 'japanese', 'title': 'Japanese'}]"
BG4ZGXyO1srEI_Tly68ReQ,Le Coin,$$$,https://www.yelp.com/biz/le-coin-seattle?adjust_creative=cM1zrjoabjXir-vOTu86eg&utm_campaign=yelp_api_v3&utm_medium=api_v3_business_search&utm_source=cM1zrjoabjXir-vOTu86eg,506,"['4201 Fremont Ave N', 'Seattle, WA 98103']",https://s3-media1.fl.yelpcdn.com/bphoto/DtULztoxr-ONLHF0Z5UDMg/o.jpg,(206) 708-7207,"[{'alias': 'seafood', 'title': 'Seafood'}, {'alias': 'french', 'title': 'French'}, {'alias': 'newamerican', 'title': 'New American'}]"
KjPEiaNnCeDTX5FgqofE9A,Bateau,$$$$,https://www.yelp.com/biz/bateau-seattle?adjust_creative=cM1zrjoabjXir-vOTu86eg&utm_campaign=yelp_api_v3&utm_medium=api_v3_business_search&utm_source=cM1zrjoabjXir-vOTu86eg,388,"['1040 E Union St', 'Seattle, WA 98122']",https://s3-media4.fl.yelpcdn.com/bphoto/EBmMeIQld_buyuWeccal3A/o.jpg,(206) 900-8699,"[{'alias': 'steak', 'title': 'Steakhouses'}, {'alias': 'french', 'title': 'French'}, {'alias': 'desserts', 'title': 'Desserts'}]"
Vuqc6s6gsYpGMVY34nTc_g,Red Cow,$$$,https://www.yelp.com/biz/red-cow-seattle?adjust_creative=cM1zrjoabjXir-vOTu86eg&utm_campaign=yelp_api_v3&utm_medium=api_v3_business_search&utm_source=cM1zrjoabjXir-vOTu86eg,353,"['1423 34th Ave', 'Seattle, WA 98122']",https://s3-media3.fl.yelpcdn.com/bphoto/APlIPu5BdGSE_-PdvCtrEA/o.jpg,(206) 454-7932,"[{'alias': 'french', 'title': 'French'}, {'alias': 'steak', 'title': 'Steakhouses'}]"
LzUNZMYd97-jaAPbwMzaBQ,Feast,$$$,https://www.yelp.com/biz/feast-kirkland-2?adjust_creative=cM1zrjoabjXir-vOTu86eg&utm_campaign=yelp_api_v3&utm_medium=api_v3_business_search&utm_source=cM1zrjoabjXir-vOTu86eg,194,"['115 Park Ln', 'Kirkland, WA 98033']",https://s3-media4.fl.yelpcdn.com/bphoto/1d0fgDIF78ToYtYJ4Jy78w/o.jpg,(425) 822-0788,"[{'alias': 'french', 'title': 'French'}, {'alias': 'wine_bars', 'title': 'Wine Bars'}, {'alias': 'seafood', 'title': 'Seafood'}]"
7BMSJBd-I0zlu9xg5lTRjA,The Whale Wins,$$$,https://www.yelp.com/biz/the-whale-wins-seattle?adjust_creative=cM1zrjoabjXir-vOTu86eg&utm_campaign=yelp_api_v3&utm_medium=api_v3_business_search&utm_source=cM1zrjoabjXir-vOTu86eg,585,"['3506 Stone Way N', 'Seattle, WA 98103']",https://s3-media3.fl.yelpcdn.com/bphoto/YDeDSeT-y3jEW0PI5CSkOQ/o.jpg,(206) 632-9425,"[{'alias': 'newamerican', 'title': 'New American'}, {'alias': 'tapasmallplates', 'title': 'Tapas/Small Plates'}, {'alias': 'french', 'title': 'French'}]"
M4SuI7Ww6lH4q4iWHn4H5A,Place Pigalle,$$$,https://www.yelp.com/biz/place-pigalle-seattle?adjust_creative=cM1zrjoabjXir-vOTu86eg&utm_campaign=yelp_api_v3&utm_medium=api_v3_business_search&utm_source=cM1zrjoabjXir-vOTu86eg,606,"['81 Pike St', 'Seattle, WA 98101']",https://s3-media2.fl.yelpcdn.com/bphoto/s8H_-c0yQlllCoPXxB0ARw/o.jpg,(206) 624-1756,"[{'alias': 'french', 'title': 'French'}]"
4F0jvrjtLEiYx6byrWrs0A,Nell's Restaurant,$$$,https://www.yelp.com/biz/nells-restaurant-seattle?adjust_creative=cM1zrjoabjXir-vOTu86eg&utm_campaign=yelp_api_v3&utm_medium=api_v3_business_search&utm_source=cM1zrjoabjXir-vOTu86eg,206,"['6804 E Green Lake Way N', 'Seattle, WA 98115']",https://s3-media1.fl.yelpcdn.com/bphoto/6QTOR7p6JkorUlqGmD2vXw/o.jpg,(206) 524-4044,"[{'alias': 'newamerican', 'title': 'New American'}, {'alias': 'french', 'title': 'French'}]"
9c0lSX6KTe88-ZLva1nu0w,Maximilien,$$$,https://www.yelp.com/biz/maximilien-seattle?adjust_creative=cM1zrjoabjXir-vOTu86eg&utm_campaign=yelp_api_v3&utm_medium=api_v3_business_search&utm_source=cM1zrjoabjXir-vOTu86eg,843,"['81A Pike St', 'Seattle, WA 98101']",https://s3-media3.fl.yelpcdn.com/bphoto/18mG0rX2EjEPnz68ovOS_A/o.jpg,(206) 682-7270,"[{'alias': 'french', 'title': 'French'}]"
gl3ifUIH5h5xEf-DgUeLww,Lynn's Bistro,$$$,https://www.yelp.com/biz/lynns-bistro-kirkland-2?adjust_creative=cM1zrjoabjXir-vOTu86eg&utm_campaign=yelp_api_v3&utm_medium=api_v3_business_search&utm_source=cM1zrjoabjXir-vOTu86eg,291,"['212 Central Way', 'Kirkland, WA 98033']",https://s3-media1.fl.yelpcdn.com/bphoto/s9wqV8QosCK72P8Wm7MSkA/o.jpg,(425) 889-2808,"[{'alias': 'french', 'title': 'French'}, {'alias': 'newamerican', 'title': 'New American'}]"
El_2Cxuq4hxqrmlg_5nzzA,Brasserie by Niche,$$$,https://www.yelp.com/biz/brasserie-by-niche-saint-louis?adjust_creative=cM1zrjoabjXir-vOTu86eg&utm_campaign=yelp_api_v3&utm_medium=api_v3_business_search&utm_source=cM1zrjoabjXir-vOTu86eg,848,"['4580 Laclede Ave', 'Saint Louis, MO 63108']",https://s3-media2.fl.yelpcdn.com/bphoto/WNMStBH9s0P4VJtnq1D0Zg/o.jpg,(314) 454-0600,"[{'alias': 'french', 'title': 'French'}]"
Nb7QaMcRAPoWdKgTt2JaBw,Stone Soup Cottage,$$$$,https://www.yelp.com/biz/stone-soup-cottage-cottleville-2?adjust_creative=cM1zrjoabjXir-vOTu86eg&utm_campaign=yelp_api_v3&utm_medium=api_v3_business_search&utm_source=cM1zrjoabjXir-vOTu86eg,103,"['5809 Hwy N', 'Cottleville, MO 63304']",https://s3-media2.fl.yelpcdn.com/bphoto/6rFZDJPRCKzFLDIeI4N8nQ/o.jpg,(636) 244-2233,"[{'alias': 'french', 'title': 'French'}]"
73ZXjIfdHJs59XOzKHQ45g,The Crossing,$$$,https://www.yelp.com/biz/the-crossing-clayton?adjust_creative=cM1zrjoabjXir-vOTu86eg&utm_campaign=yelp_api_v3&utm_medium=api_v3_business_search&utm_source=cM1zrjoabjXir-vOTu86eg,261,"['7823 Forsyth Blvd', 'Clayton, MO 63105']",https://s3-media4.fl.yelpcdn.com/bphoto/xMIHAIWaYTX8QmXyXZ22tA/o.jpg,(314) 721-7375,"[{'alias': 'newamerican', 'title': 'New American'}, {'alias': 'french', 'title': 'French'}, {'alias': 'italian', 'title': 'Italian'}]"
Fe9WDVsrEM9H0X_aFDuYVA,Herbie's Restaurant,$$$,https://www.yelp.com/biz/herbies-restaurant-clayton?adjust_creative=cM1zrjoabjXir-vOTu86eg&utm_campaign=yelp_api_v3&utm_medium=api_v3_business_search&utm_source=cM1zrjoabjXir-vOTu86eg,248,"['8100 Maryland Ave', 'Clayton, MO 63105']",https://s3-media2.fl.yelpcdn.com/bphoto/vZe5wIUS9d1roaj3bm_oFg/o.jpg,(314) 769-9595,"[{'alias': 'newamerican', 'title': 'New American'}, {'alias': 'french', 'title': 'French'}, {'alias': 'cocktailbars', 'title': 'Cocktail Bars'}]"
62pABDhLkUPAcNgxum_mpw,Cafe Provencal,$$$,https://www.yelp.com/biz/cafe-provencal-saint-louis?adjust_creative=cM1zrjoabjXir-vOTu86eg&utm_campaign=yelp_api_v3&utm_medium=api_v3_business_search&utm_source=cM1zrjoabjXir-vOTu86eg,148,"['427 S Kirkwood Rd', 'Saint Louis, MO 63122']",https://s3-media2.fl.yelpcdn.com/bphoto/baM8dOVmo4B6GqCGytgWgQ/o.jpg,(314) 822-5440,"[{'alias': 'french', 'title': 'French'}]"
irL5pFZlcZDIWwb5kAZDCg,Fireside Dining,$$$$,https://www.yelp.com/biz/fireside-dining-park-city-2?adjust_creative=cM1zrjoabjXir-vOTu86eg&utm_campaign=yelp_api_v3&utm_medium=api_v3_business_search&utm_source=cM1zrjoabjXir-vOTu86eg,101,"['9200 Marsac Ave', 'Ste 306', 'Empire Canyon Lodge', 'Park City, UT 84060']",https://s3-media1.fl.yelpcdn.com/bphoto/N3ZTUXqC6ETcLJVsUx3DiA/o.jpg,(435) 645-6632,"[{'alias': 'french', 'title': 'French'}]"
YEM3pwCcIDlSvSTEmj9r6g,St. Bernard's,$$$$,https://www.yelp.com/biz/st-bernards-solitude-2?adjust_creative=cM1zrjoabjXir-vOTu86eg&utm_campaign=yelp_api_v3&utm_medium=api_v3_business_search&utm_source=cM1zrjoabjXir-vOTu86eg,22,"['5 Big Cottonwood Canyon Rd Building', 'Ste B', 'The Inn At Solitude', 'Solitude, UT 84121']",https://s3-media3.fl.yelpcdn.com/bphoto/FIN_bfBrjJ7R_Nj_xp_SOQ/o.jpg,(801) 534-1400,"[{'alias': 'french', 'title': 'French'}]"
tgOuZeBmix-XEFeIW_WdRg,La Caille,$$$$,https://www.yelp.com/biz/la-caille-sandy-3?adjust_creative=cM1zrjoabjXir-vOTu86eg&utm_campaign=yelp_api_v3&utm_medium=api_v3_business_search&utm_source=cM1zrjoabjXir-vOTu86eg,304,"['9565 S Wasatch Blvd', 'Sandy, UT 84092']",https://s3-media4.fl.yelpcdn.com/bphoto/VpxYq4jQU4YyXUGJk1yv9g/o.jpg,(801) 942-1751,"[{'alias': 'french', 'title': 'French'}, {'alias': 'breakfast_brunch', 'title': 'Breakfast & Brunch'}, {'alias': 'creperies', 'title': 'Creperies'}]"
MOrf_Pq8xZP8kYvGczMDwA,Bistro Provenance,$$$,https://www.yelp.com/biz/bistro-provenance-provo-2?adjust_creative=cM1zrjoabjXir-vOTu86eg&utm_campaign=yelp_api_v3&utm_medium=api_v3_business_search&utm_source=cM1zrjoabjXir-vOTu86eg,38,"['63 E Center St', 'Provo, UT 84601']",https://s3-media2.fl.yelpcdn.com/bphoto/iAV1JTWtRT_sGStRwHRHAA/o.jpg,(801) 396-2528,"[{'alias': 'french', 'title': 'French'}, {'alias': 'breakfast_brunch', 'title': 'Breakfast & Brunch'}, {'alias': 'cocktailbars', 'title': 'Cocktail Bars'}]"
W26o28tBHVNbCFDJ_kD2Tw,The Metro Wine Bar & Bistro,$$$,https://www.yelp.com/biz/the-metro-wine-bar-and-bistro-oklahoma-city?adjust_creative=cM1zrjoabjXir-vOTu86eg&utm_campaign=yelp_api_v3&utm_medium=api_v3_business_search&utm_source=cM1zrjoabjXir-vOTu86eg,193,"['6418 N Western Ave', 'Oklahoma City, OK 73116']",https://s3-media1.fl.yelpcdn.com/bphoto/-3poplpNPaE9cQTTglJThw/o.jpg,(405) 840-9463,"[{'alias': 'newamerican', 'title': 'New American'}, {'alias': 'wine_bars', 'title': 'Wine Bars'}, {'alias': 'french', 'title': 'French'}]"
qRxyo5JcyWdAu1bzIQku9g,Fait Maison,$$$$,https://www.yelp.com/biz/fait-maison-edmond?adjust_creative=cM1zrjoabjXir-vOTu86eg&utm_campaign=yelp_api_v3&utm_medium=api_v3_business_search&utm_source=cM1zrjoabjXir-vOTu86eg,78,"['152 E 5th St', 'Edmond, OK 73034']",https://s3-media3.fl.yelpcdn.com/bphoto/Ukt2qWrBQDaJYsxsNNtRCQ/o.jpg,,"[{'alias': 'french', 'title': 'French'}]"
eL_JhE6smEo128qAdiUr0Q,1417 French Bistro,$$$,https://www.yelp.com/biz/1417-french-bistro-austin-2?adjust_creative=cM1zrjoabjXir-vOTu86eg&utm_campaign=yelp_api_v3&utm_medium=api_v3_business_search&utm_source=cM1zrjoabjXir-vOTu86eg,223,"['1417 S 1st St', 'Austin, TX 78704']",https://s3-media3.fl.yelpcdn.com/bphoto/XJAFEjBV83ao0hwiAk48jQ/o.jpg,(512) 551-2430,"[{'alias': 'french', 'title': 'French'}, {'alias': 'breakfast_brunch', 'title': 'Breakfast & Brunch'}, {'alias': 'cocktailbars', 'title': 'Cocktail Bars'}]"
8p9ownb2KK7Q9ZTRCmTktQ,Birdie's,$$$,https://www.yelp.com/biz/birdies-austin-2?adjust_creative=cM1zrjoabjXir-vOTu86eg&utm_campaign=yelp_api_v3&utm_medium=api_v3_business_search&utm_source=cM1zrjoabjXir-vOTu86eg,144,"['2944 E 12th St', 'Austin, TX 78702']",https://s3-media3.fl.yelpcdn.com/bphoto/AUwLCWSiWhEUUslnBrjOQw/o.jpg,,"[{'alias': 'french', 'title': 'French'}, {'alias': 'italian', 'title': 'Italian'}, {'alias': 'wine_bars', 'title': 'Wine Bars'}]"
b3XX4atH_V0pA3ejH-6tUA,Justine's Brasserie,$$$,https://www.yelp.com/biz/justines-brasserie-austin?adjust_creative=cM1zrjoabjXir-vOTu86eg&utm_campaign=yelp_api_v3&utm_medium=api_v3_business_search&utm_source=cM1zrjoabjXir-vOTu86eg,1251,"['4710 E 5th St', 'Austin, TX 78702']",https://s3-media2.fl.yelpcdn.com/bphoto/RDuqcXjOHwu2pMjkCWddjA/o.jpg,(512) 385-2900,"[{'alias': 'french', 'title': 'French'}, {'alias': 'bars', 'title': 'Bars'}]"
tzgqSz1qQQhgq3BDqPc37Q,The Red Vault Bistro,$$$,https://www.yelp.com/biz/the-red-vault-bistro-flatonia?adjust_creative=cM1zrjoabjXir-vOTu86eg&utm_campaign=yelp_api_v3&utm_medium=api_v3_business_search&utm_source=cM1zrjoabjXir-vOTu86eg,95,"['124 E S Main', 'Flatonia, TX 78942']",https://s3-media4.fl.yelpcdn.com/bphoto/Y1BVHbh89xZP6_I40IGMmA/o.jpg,(361) 865-3663,"[{'alias': 'french', 'title': 'French'}, {'alias': 'sushi', 'title': 'Sushi Bars'}]"
StrPaqRh8ZQP4f0ck1XGog,La Chasse,$$$,https://www.yelp.com/biz/la-chasse-louisville-2?adjust_creative=cM1zrjoabjXir-vOTu86eg&utm_campaign=yelp_api_v3&utm_medium=api_v3_business_search&utm_source=cM1zrjoabjXir-vOTu86eg,165,"['1359 Bardstown Rd', 'Louisville, KY 40204']",https://s3-media3.fl.yelpcdn.com/bphoto/VUR_rQK198L9Tu-sVrazkg/o.jpg,(502) 822-3963,"[{'alias': 'french', 'title': 'French'}, {'alias': 'cocktailbars', 'title': 'Cocktail Bars'}, {'alias': 'desserts', 'title': 'Desserts'}]"
Ify6US5DSjOIZnwigivwAg,Bistro Le Relais,$$$,https://www.yelp.com/biz/bistro-le-relais-louisville?adjust_creative=cM1zrjoabjXir-vOTu86eg&utm_campaign=yelp_api_v3&utm_medium=api_v3_business_search&utm_source=cM1zrjoabjXir-vOTu86eg,101,"['2817 Taylorsville Rd', 'Louisville, KY 40205']",https://s3-media3.fl.yelpcdn.com/bphoto/w3bMiY6A2yWJj2lQ_iJZ3A/o.jpg,(502) 451-9020,"[{'alias': 'french', 'title': 'French'}]"
_UxTQIGh45sCp_LDYfVMsg,Bistro 501,$$$,https://www.yelp.com/biz/bistro-501-lafayette?adjust_creative=cM1zrjoabjXir-vOTu86eg&utm_campaign=yelp_api_v3&utm_medium=api_v3_business_search&utm_source=cM1zrjoabjXir-vOTu86eg,185,"['501 Main St', 'Lafayette, IN 47901']",https://s3-media4.fl.yelpcdn.com/bphoto/chwC8SKGyh5U-8j1s0Zbyw/o.jpg,(765) 423-4501,"[{'alias': 'french', 'title': 'French'}, {'alias': 'wine_bars', 'title': 'Wine Bars'}, {'alias': 'cocktailbars', 'title': 'Cocktail Bars'}]"
1HxFXPrS8kY4Y9Nn5319tQ,Auberge at The Brick Street Inn,$$$,https://www.yelp.com/biz/auberge-at-the-brick-street-inn-zionsville?adjust_creative=cM1zrjoabjXir-vOTu86eg&utm_campaign=yelp_api_v3&utm_medium=api_v3_business_search&utm_source=cM1zrjoabjXir-vOTu86eg,135,"['175 S Main St', 'Zionsville, IN 46077']",https://s3-media4.fl.yelpcdn.com/bphoto/fqJ9kagl3t-S0us7589PSw/o.jpg,(317) 733-8755,"[{'alias': 'french', 'title': 'French'}, {'alias': 'wine_bars', 'title': 'Wine Bars'}]"
--UNNdnHRhsyFUbDgumdtQ,Le Pigeon,$$$,https://www.yelp.com/biz/le-pigeon-portland-2?adjust_creative=cM1zrjoabjXir-vOTu86eg&utm_campaign=yelp_api_v3&utm_medium=api_v3_business_search&utm_source=cM1zrjoabjXir-vOTu86eg,1333,"['738 E Burnside St', 'Portland, OR 97214']",https://s3-media2.fl.yelpcdn.com/bphoto/_58VctXhocRcLrYPfTHWGw/o.jpg,(503) 546-8796,"[{'alias': 'french', 'title': 'French'}, {'alias': 'newamerican', 'title': 'New American'}]"
YhNxOAihYXTkziyNGOErDg,Serratto,$$$,https://www.yelp.com/biz/serratto-portland?adjust_creative=cM1zrjoabjXir-vOTu86eg&utm_campaign=yelp_api_v3&utm_medium=api_v3_business_search&utm_source=cM1zrjoabjXir-vOTu86eg,727,"['2112 NW Kearney St', 'Portland, OR 97210']",https://s3-media1.fl.yelpcdn.com/bphoto/LOrxmtgqOGEK5r60YDqqBw/o.jpg,(503) 221-1195,"[{'alias': 'italian', 'title': 'Italian'}, {'alias': 'wine_bars', 'title': 'Wine Bars'}, {'alias': 'french', 'title': 'French'}]"
6GmUVd6ZD7L8weD5dV1g3Q,St. Jack,$$$,https://www.yelp.com/biz/st-jack-portland-4?adjust_creative=cM1zrjoabjXir-vOTu86eg&utm_campaign=yelp_api_v3&utm_medium=api_v3_business_search&utm_source=cM1zrjoabjXir-vOTu86eg,419,"['1610 NW 23rd St', 'Portland, OR 97210']",https://s3-media3.fl.yelpcdn.com/bphoto/hIiV-LYFFEoS1gEnmdHOnA/o.jpg,(503) 360-1281,"[{'alias': 'french', 'title': 'French'}, {'alias': 'seafood', 'title': 'Seafood'}]"
ZPQY4VrsBhwd6z4dMDrT9Q,Higgins Restaurant,$$$,https://www.yelp.com/biz/higgins-restaurant-portland?adjust_creative=cM1zrjoabjXir-vOTu86eg&utm_campaign=yelp_api_v3&utm_medium=api_v3_business_search&utm_source=cM1zrjoabjXir-vOTu86eg,612,"['1239 SW Broadway', 'Portland, OR 97205']",https://s3-media2.fl.yelpcdn.com/bphoto/xs16q714oMdg_GAKiUFImA/o.jpg,(503) 222-9070,"[{'alias': 'french', 'title': 'French'}, {'alias': 'newamerican', 'title': 'New American'}]"
oqxtb0f-mtPaEzT9HdqZxg,Carol's Crepes,$$$,https://www.yelp.com/biz/carols-crepes-portland?adjust_creative=cM1zrjoabjXir-vOTu86eg&utm_campaign=yelp_api_v3&utm_medium=api_v3_business_search&utm_source=cM1zrjoabjXir-vOTu86eg,0,"['300 SE Hawthorne Blvd', 'Portland, OR 97214']",,,"[{'alias': 'french', 'title': 'French'}, {'alias': 'creperies', 'title': 'Creperies'}]"
Kz9GxK6N5SKBVci6pvaTKw,ROUX,$$$,https://www.yelp.com/biz/roux-carmel-valley-7?adjust_creative=cM1zrjoabjXir-vOTu86eg&utm_campaign=yelp_api_v3&utm_medium=api_v3_business_search&utm_source=cM1zrjoabjXir-vOTu86eg,458,"['6 Pilot Rd', 'Carmel Valley, CA 93924']",https://s3-media3.fl.yelpcdn.com/bphoto/sxb4SwIF7QQ0V8JRumkViQ/o.jpg,(831) 659-5020,"[{'alias': 'tapasmallplates', 'title': 'Tapas/Small Plates'}, {'alias': 'french', 'title': 'French'}, {'alias': 'modern_european', 'title': 'Modern European'}]"
wDM9FVslT4fTvjCQh_HkrQ,Casanova,$$$,https://www.yelp.com/biz/casanova-carmel?adjust_creative=cM1zrjoabjXir-vOTu86eg&utm_campaign=yelp_api_v3&utm_medium=api_v3_business_search&utm_source=cM1zrjoabjXir-vOTu86eg,1762,"['5th Ave', 'Carmel, CA 93921']",https://s3-media2.fl.yelpcdn.com/bphoto/zbSA-4gVyREv5qpFWJMztg/o.jpg,(831) 216-3811,"[{'alias': 'italian', 'title': 'Italian'}, {'alias': 'french', 'title': 'French'}, {'alias': 'wine_bars', 'title': 'Wine Bars'}]"
S3W83hGXb828enP0Kr3Bng,Le Souffle,$$$$,https://www.yelp.com/biz/le-souffle-carmel-by-the-sea?adjust_creative=cM1zrjoabjXir-vOTu86eg&utm_campaign=yelp_api_v3&utm_medium=api_v3_business_search&utm_source=cM1zrjoabjXir-vOTu86eg,84,"['5th Ave & Dolores St', 'Carmel-by-the-Sea, CA 93923']",https://s3-media4.fl.yelpcdn.com/bphoto/tVbIMdPEmpVGjukobF4ITQ/o.jpg,(831) 250-5314,"[{'alias': 'french', 'title': 'French'}]"
_zWdsI6VqSLjV3O3yD5_Xg,Cafe Sparrow,$$$,https://www.yelp.com/biz/cafe-sparrow-aptos-2?adjust_creative=cM1zrjoabjXir-vOTu86eg&utm_campaign=yelp_api_v3&utm_medium=api_v3_business_search&utm_source=cM1zrjoabjXir-vOTu86eg,643,"['8042 Soquel Dr', 'Aptos, CA 95003']",https://s3-media1.fl.yelpcdn.com/bphoto/IRzT7ip9ZXa8KLhHHU296Q/o.jpg,(831) 688-6238,"[{'alias': 'french', 'title': 'French'}]"
Air3UyzQVsU5uTpTxxr6lQ,L'Escargot,$$$,https://www.yelp.com/biz/l-escargot-carmel?adjust_creative=cM1zrjoabjXir-vOTu86eg&utm_campaign=yelp_api_v3&utm_medium=api_v3_business_search&utm_source=cM1zrjoabjXir-vOTu86eg,242,"['Mission At 4th Ave', 'Carmel, CA 93921']",https://s3-media3.fl.yelpcdn.com/bphoto/kdZqvXzplzh85sAbX7ATgg/o.jpg,(831) 620-1942,"[{'alias': 'french', 'title': 'French'}]"
bSi_zPvMyOYXbZaRRdayWw,Chez Philippe,$$$,https://www.yelp.com/biz/chez-philippe-los-gatos-2?adjust_creative=cM1zrjoabjXir-vOTu86eg&utm_campaign=yelp_api_v3&utm_medium=api_v3_business_search&utm_source=cM1zrjoabjXir-vOTu86eg,153,"['34 N Santa Cruz Ave', 'Los Gatos, CA 95030']",https://s3-media1.fl.yelpcdn.com/bphoto/8TLqlsWQnLobyioyjoQh0Q/o.jpg,(408) 442-5353,"[{'alias': 'french', 'title': 'French'}, {'alias': 'wine_bars', 'title': 'Wine Bars'}, {'alias': 'salad', 'title': 'Salad'}]"
UTCJ3w9P9BqDXT_1jQAZWA,La Foret,$$$$,https://www.yelp.com/biz/la-foret-san-jose-4?adjust_creative=cM1zrjoabjXir-vOTu86eg&utm_campaign=yelp_api_v3&utm_medium=api_v3_business_search&utm_source=cM1zrjoabjXir-vOTu86eg,791,"['21747 Bertram Rd', 'San Jose, CA 95120']",https://s3-media2.fl.yelpcdn.com/bphoto/TGZtYDrwJvZQIuEqksvJWw/o.jpg,(408) 997-3458,"[{'alias': 'french', 'title': 'French'}, {'alias': 'venues', 'title': 'Venues & Event Spaces'}, {'alias': 'lounges', 'title': 'Lounges'}]"
Lade6mDymJB3bbScN-li2A,La Fondue,$$$$,https://www.yelp.com/biz/la-fondue-saratoga?adjust_creative=cM1zrjoabjXir-vOTu86eg&utm_campaign=yelp_api_v3&utm_medium=api_v3_business_search&utm_source=cM1zrjoabjXir-vOTu86eg,2453,"['14550 Big Basin Way', 'Saratoga, CA 95070']",https://s3-media1.fl.yelpcdn.com/bphoto/HX_2k0nS0t3DMFJ2kopIdA/o.jpg,(408) 886-4208,"[{'alias': 'french', 'title': 'French'}, {'alias': 'fondue', 'title': 'Fondue'}, {'alias': 'seafood', 'title': 'Seafood'}]"
lg7sYMdcaOBHDKW1msj_3A,Fandango Restaurant,$$$,https://www.yelp.com/biz/fandango-restaurant-pacific-grove?adjust_creative=cM1zrjoabjXir-vOTu86eg&utm_campaign=yelp_api_v3&utm_medium=api_v3_business_search&utm_source=cM1zrjoabjXir-vOTu86eg,761,"['223 17th St', 'Pacific Grove, CA 93950']",https://s3-media3.fl.yelpcdn.com/bphoto/2bJPNksoeV-v9mBFGaYyzg/o.jpg,(831) 372-3456,"[{'alias': 'french', 'title': 'French'}, {'alias': 'seafood', 'title': 'Seafood'}, {'alias': 'brasseries', 'title': 'Brasseries'}]"
-EMppAncnOot2p839R3X2g,Zola + BarZola,$$$,https://www.yelp.com/biz/zola-barzola-palo-alto-2?adjust_creative=cM1zrjoabjXir-vOTu86eg&utm_campaign=yelp_api_v3&utm_medium=api_v3_business_search&utm_source=cM1zrjoabjXir-vOTu86eg,504,"['565 Bryant St', 'Palo Alto, CA 94301']",https://s3-media1.fl.yelpcdn.com/bphoto/HgMPViuvgRZx0M77TfWhZA/o.jpg,(650) 521-0651,"[{'alias': 'french', 'title': 'French'}, {'alias': 'wine_bars', 'title': 'Wine Bars'}, {'alias': 'cocktailbars', 'title': 'Cocktail Bars'}]"
-YCoRJ_31hCiamVdYdMVVg,Plumed Horse,$$$$,https://www.yelp.com/biz/plumed-horse-saratoga?adjust_creative=cM1zrjoabjXir-vOTu86eg&utm_campaign=yelp_api_v3&utm_medium=api_v3_business_search&utm_source=cM1zrjoabjXir-vOTu86eg,1373,"['14555 Big Basin Way', 'Saratoga, CA 95070']",https://s3-media2.fl.yelpcdn.com/bphoto/yXKymOTjpX6KDtS8PFnkNA/o.jpg,(408) 867-4711,"[{'alias': 'french', 'title': 'French'}, {'alias': 'newamerican', 'title': 'New American'}]"
n0xojmwZeOC5CXvJZI1TKA,Firehouse Bistro,$$$,https://www.yelp.com/biz/firehouse-bistro-woodside?adjust_creative=cM1zrjoabjXir-vOTu86eg&utm_campaign=yelp_api_v3&utm_medium=api_v3_business_search&utm_source=cM1zrjoabjXir-vOTu86eg,122,"['2991 Woodside Rd', 'Woodside, CA 94062']",https://s3-media2.fl.yelpcdn.com/bphoto/5m-bXi53F-iWS6mvjjFPWQ/o.jpg,(650) 851-4988,"[{'alias': 'newamerican', 'title': 'New American'}, {'alias': 'french', 'title': 'French'}]"
6Bsqo2SLjtSn_cwwD-4RAg,Black Sheep Brasserie,$$$,https://www.yelp.com/biz/black-sheep-brasserie-san-jose?adjust_creative=cM1zrjoabjXir-vOTu86eg&utm_campaign=yelp_api_v3&utm_medium=api_v3_business_search&utm_source=cM1zrjoabjXir-vOTu86eg,688,"['1202 Lincoln Ave', 'Ste 30', 'San Jose, CA 95125']",https://s3-media4.fl.yelpcdn.com/bphoto/dLAh6wG4TeNHbJueQ9J0Lw/o.jpg,(408) 816-7251,"[{'alias': 'newamerican', 'title': 'New American'}, {'alias': 'french', 'title': 'French'}, {'alias': 'brasseries', 'title': 'Brasseries'}]"
AdxCSS0l-tu93jeyTNxn7Q,Épernay Bistro,$$$,https://www.yelp.com/biz/%C3%A9pernay-bistro-los-gatos?adjust_creative=cM1zrjoabjXir-vOTu86eg&utm_campaign=yelp_api_v3&utm_medium=api_v3_business_search&utm_source=cM1zrjoabjXir-vOTu86eg,121,"['29 E Main St', 'Los Gatos, CA 95030']",https://s3-media3.fl.yelpcdn.com/bphoto/yymZLvv1vvlWXT4wlX8o3g/o.jpg,(408) 827-4005,"[{'alias': 'french', 'title': 'French'}, {'alias': 'champagne_bars', 'title': 'Champagne Bars'}, {'alias': 'seafood', 'title': 'Seafood'}]"
JPItDtK9nz1oMW2vt6XU3g,Papillon,$$$,https://www.yelp.com/biz/papillon-fremont?adjust_creative=cM1zrjoabjXir-vOTu86eg&utm_campaign=yelp_api_v3&utm_medium=api_v3_business_search&utm_source=cM1zrjoabjXir-vOTu86eg,1102,"['37296 Mission Blvd', 'Fremont, CA 94536']",https://s3-media2.fl.yelpcdn.com/bphoto/5QsgPP7UHuHW9BxB0Iwe1g/o.jpg,(510) 793-6331,"[{'alias': 'french', 'title': 'French'}, {'alias': 'wine_bars', 'title': 'Wine Bars'}]"
AQG8enVJnGepbVow2Jp7SA,Chez TJ,$$$$,https://www.yelp.com/biz/chez-tj-mountain-view?adjust_creative=cM1zrjoabjXir-vOTu86eg&utm_campaign=yelp_api_v3&utm_medium=api_v3_business_search&utm_source=cM1zrjoabjXir-vOTu86eg,788,"['938 Villa St', 'Mountain View, CA 94041']",https://s3-media1.fl.yelpcdn.com/bphoto/UJaiDAEO8oDeifN51hBSYQ/o.jpg,(650) 964-7466,"[{'alias': 'french', 'title': 'French'}]"
2bAx84VeM-wTXaoul9g2Tg,La Mere Michelle,$$$,https://www.yelp.com/biz/la-mere-michelle-saratoga?adjust_creative=cM1zrjoabjXir-vOTu86eg&utm_campaign=yelp_api_v3&utm_medium=api_v3_business_search&utm_source=cM1zrjoabjXir-vOTu86eg,180,"['14467 Big Basin Way', 'Saratoga, CA 95070']",https://s3-media3.fl.yelpcdn.com/bphoto/c9l1ibbRtIa6-pGSVyiT3w/o.jpg,(408) 867-5272,"[{'alias': 'french', 'title': 'French'}]"
UIAJ4R2wJpOt-1fGYVGbqg,Le Petit Bistro,$$$,https://www.yelp.com/biz/le-petit-bistro-mountain-view?adjust_creative=cM1zrjoabjXir-vOTu86eg&utm_campaign=yelp_api_v3&utm_medium=api_v3_business_search&utm_source=cM1zrjoabjXir-vOTu86eg,456,"['1405 W El Camino Real', 'Mountain View, CA 94040']",https://s3-media2.fl.yelpcdn.com/bphoto/aTaWJcjYJHz0CBXxP1hXDQ/o.jpg,(650) 964-3321,"[{'alias': 'french', 'title': 'French'}]"
7jidkejbcWaRsPhquW56lQ,Le Papillon,$$$$,https://www.yelp.com/biz/le-papillon-san-jose?adjust_creative=cM1zrjoabjXir-vOTu86eg&utm_campaign=yelp_api_v3&utm_medium=api_v3_business_search&utm_source=cM1zrjoabjXir-vOTu86eg,1215,"['410 Saratoga Ave', 'San Jose, CA 95129']",https://s3-media3.fl.yelpcdn.com/bphoto/_VGkXA7Z_dlxi2jlRa98Lg/o.jpg,(408) 296-3730,"[{'alias': 'french', 'title': 'French'}]"
7lmzuo16-guDouA-6nj6eg,Left Bank -  Menlo Park,$$$,https://www.yelp.com/biz/left-bank-menlo-park-menlo-park?adjust_creative=cM1zrjoabjXir-vOTu86eg&utm_campaign=yelp_api_v3&utm_medium=api_v3_business_search&utm_source=cM1zrjoabjXir-vOTu86eg,907,"['635 Santa Cruz Ave', 'Menlo Park, CA 94025']",https://s3-media1.fl.yelpcdn.com/bphoto/SuUKK0CHLImUQKFmJTtt6A/o.jpg,(650) 473-6543,"[{'alias': 'french', 'title': 'French'}, {'alias': 'brasseries', 'title': 'Brasseries'}, {'alias': 'cocktailbars', 'title': 'Cocktail Bars'}]"
20vWBsWzv7PSkJ02W7wa7w,The Iron Gate,$$$,https://www.yelp.com/biz/the-iron-gate-belmont?adjust_creative=cM1zrjoabjXir-vOTu86eg&utm_campaign=yelp_api_v3&utm_medium=api_v3_business_search&utm_source=cM1zrjoabjXir-vOTu86eg,616,"['1360 El Camino Real', 'Belmont, CA 94002']",https://s3-media3.fl.yelpcdn.com/bphoto/r1cdvjzWygwyYDHCLyRH6A/o.jpg,(650) 592-7893,"[{'alias': 'french', 'title': 'French'}, {'alias': 'tradamerican', 'title': 'American'}]"
qWj0fFXkpZVx6raBZKrs5A,Bistro Elan,$$$,https://www.yelp.com/biz/bistro-elan-palo-alto-4?adjust_creative=cM1zrjoabjXir-vOTu86eg&utm_campaign=yelp_api_v3&utm_medium=api_v3_business_search&utm_source=cM1zrjoabjXir-vOTu86eg,175,"['2363 Birch St', 'Ste A', 'Palo Alto, CA 94306']",https://s3-media1.fl.yelpcdn.com/bphoto/7By445MO0Yh1og-6uYB1jg/o.jpg,(650) 327-0284,"[{'alias': 'french', 'title': 'French'}, {'alias': 'wine_bars', 'title': 'Wine Bars'}]"
aC29uVIaw0rSrMmd16z22g,Bistro AIX,$$$,https://www.yelp.com/biz/bistro-aix-jacksonville?adjust_creative=cM1zrjoabjXir-vOTu86eg&utm_campaign=yelp_api_v3&utm_medium=api_v3_business_search&utm_source=cM1zrjoabjXir-vOTu86eg,506,"['1440 San Marco Blvd', 'Jacksonville, FL 32207']",https://s3-media2.fl.yelpcdn.com/bphoto/4BKdLyLjWDN_UwtBniejJg/o.jpg,(904) 398-1949,"[{'alias': 'french', 'title': 'French'}, {'alias': 'mediterranean', 'title': 'Mediterranean'}, {'alias': 'newamerican', 'title': 'New American'}]"
PYz2KhX9Z9LY6p71p1-BJA,Lagniappe,$$$,https://www.yelp.com/biz/lagniappe-amelia-island?adjust_creative=cM1zrjoabjXir-vOTu86eg&utm_campaign=yelp_api_v3&utm_medium=api_v3_business_search&utm_source=cM1zrjoabjXir-vOTu86eg,304,"['4810 First Coast Hwy', 'Amelia Island, FL 32034']",https://s3-media2.fl.yelpcdn.com/bphoto/D1tc4JQjK6bmv7Gx7uX_RA/o.jpg,(904) 844-2634,"[{'alias': 'french', 'title': 'French'}, {'alias': 'southern', 'title': 'Southern'}, {'alias': 'cajun', 'title': 'Cajun/Creole'}]"
veyNrlhzmAbcWYGR4-DNjg,Restaurant Medure,$$$,https://www.yelp.com/biz/restaurant-medure-ponte-vedra-beach-2?adjust_creative=cM1zrjoabjXir-vOTu86eg&utm_campaign=yelp_api_v3&utm_medium=api_v3_business_search&utm_source=cM1zrjoabjXir-vOTu86eg,174,"['818 A1A N', 'Ponte Vedra Beach, FL 32082']",https://s3-media1.fl.yelpcdn.com/bphoto/Dpj3q1fKg3bkJOB-ypUB_Q/o.jpg,(904) 543-3797,"[{'alias': 'french', 'title': 'French'}, {'alias': 'newamerican', 'title': 'New American'}, {'alias': 'coffee', 'title': 'Coffee & Tea'}]"
nyk7ga8gqmnO8e3ILyrSvg,Orsay,$$$,https://www.yelp.com/biz/orsay-jacksonville-4?adjust_creative=cM1zrjoabjXir-vOTu86eg&utm_campaign=yelp_api_v3&utm_medium=api_v3_business_search&utm_source=cM1zrjoabjXir-vOTu86eg,1104,"['3630 Park St', 'Jacksonville, FL 32205']",https://s3-media1.fl.yelpcdn.com/bphoto/xypA2Ynw4A-kw18uZEjJUw/o.jpg,(904) 381-0909,"[{'alias': 'french', 'title': 'French'}, {'alias': 'newamerican', 'title': 'New American'}, {'alias': 'seafood', 'title': 'Seafood'}]"
s6ONPkm-sJP5Nr0pCN_p4A,JJ's Bistro,$$$,https://www.yelp.com/biz/jjs-bistro-ponte-vedra-beach?adjust_creative=cM1zrjoabjXir-vOTu86eg&utm_campaign=yelp_api_v3&utm_medium=api_v3_business_search&utm_source=cM1zrjoabjXir-vOTu86eg,83,"['330 A1A N', 'Ste 209', 'Ponte Vedra Beach, FL 32082']",https://s3-media2.fl.yelpcdn.com/bphoto/6JvYiYEzITm876nloQk_Qw/o.jpg,(904) 273-7980,"[{'alias': 'french', 'title': 'French'}, {'alias': 'wine_bars', 'title': 'Wine Bars'}, {'alias': 'icecream', 'title': 'Ice Cream & Frozen Yogurt'}]"
4eWT2g9TBM_24UfSTNQ0bw,Dwight's Bistro,$$$,https://www.yelp.com/biz/dwights-bistro-jacksonville-beach?adjust_creative=cM1zrjoabjXir-vOTu86eg&utm_campaign=yelp_api_v3&utm_medium=api_v3_business_search&utm_source=cM1zrjoabjXir-vOTu86eg,118,"['1527 Penman Rd', 'Jacksonville Beach, FL 32250']",https://s3-media2.fl.yelpcdn.com/bphoto/7X58diaFjl4kDhydwf6NAg/o.jpg,(904) 241-4496,"[{'alias': 'french', 'title': 'French'}]"
mEgczh_FVcbBfW3qk10BIg,Bistro 31,$$$,https://www.yelp.com/biz/bistro-31-dallas-2?adjust_creative=cM1zrjoabjXir-vOTu86eg&utm_campaign=yelp_api_v3&utm_medium=api_v3_business_search&utm_source=cM1zrjoabjXir-vOTu86eg,380,"['87 Highland Park Village', 'Ste 200', 'Dallas, TX 75205']",https://s3-media1.fl.yelpcdn.com/bphoto/Ye_YRgQ0Y4sSxBhGVmuxSA/o.jpg,(214) 420-3900,"[{'alias': 'french', 'title': 'French'}, {'alias': 'spanish', 'title': 'Spanish'}, {'alias': 'modern_european', 'title': 'Modern European'}]"
UXWZaKwcbOg98l1GVkhdQw,Carte Blanche,$$$$,https://www.yelp.com/biz/carte-blanche-dallas-3?adjust_creative=cM1zrjoabjXir-vOTu86eg&utm_campaign=yelp_api_v3&utm_medium=api_v3_business_search&utm_source=cM1zrjoabjXir-vOTu86eg,249,"['2114 Greenville Ave', 'Dallas, TX 75206']",https://s3-media1.fl.yelpcdn.com/bphoto/ywVIKrUOe07EICtkGqNP8g/o.jpg,(214) 434-1538,"[{'alias': 'french', 'title': 'French'}, {'alias': 'bakeries', 'title': 'Bakeries'}]"
DFDzmTV_piFkr7AeKO8E6A,The French Room,$$$$,https://www.yelp.com/biz/the-french-room-dallas-4?adjust_creative=cM1zrjoabjXir-vOTu86eg&utm_campaign=yelp_api_v3&utm_medium=api_v3_business_search&utm_source=cM1zrjoabjXir-vOTu86eg,199,"['1321 Commerce St', 'Dallas, TX 75202']",https://s3-media1.fl.yelpcdn.com/bphoto/73rdO16PLJGXE7yC6KfXzw/o.jpg,(214) 651-3615,"[{'alias': 'french', 'title': 'French'}]"
q4Y178ilMuJcP7L3D2sifQ,Le Bilboquet,$$$,https://www.yelp.com/biz/le-bilboquet-dallas?adjust_creative=cM1zrjoabjXir-vOTu86eg&utm_campaign=yelp_api_v3&utm_medium=api_v3_business_search&utm_source=cM1zrjoabjXir-vOTu86eg,213,"['4514 Travis St', 'Ste 124', 'Dallas, TX 75205']",https://s3-media3.fl.yelpcdn.com/bphoto/Al7Zubb_0YTXLg-IQtuA2Q/o.jpg,(469) 730-2937,"[{'alias': 'french', 'title': 'French'}]"
zCc_iJpXxcsQAHNN_OuojA,Boulevardier,$$$,https://www.yelp.com/biz/boulevardier-dallas?adjust_creative=cM1zrjoabjXir-vOTu86eg&utm_campaign=yelp_api_v3&utm_medium=api_v3_business_search&utm_source=cM1zrjoabjXir-vOTu86eg,619,"['408 N Bishop Ave', 'Ste 108', 'Dallas, TX 75208']",https://s3-media1.fl.yelpcdn.com/bphoto/cEcugfxBkGLCVYkU6vt8Vw/o.jpg,(214) 942-1828,"[{'alias': 'french', 'title': 'French'}, {'alias': 'wine_bars', 'title': 'Wine Bars'}]"
OseLHyUULSVhYyyrr6okFg,Bullion,$$$,https://www.yelp.com/biz/bullion-dallas?adjust_creative=cM1zrjoabjXir-vOTu86eg&utm_campaign=yelp_api_v3&utm_medium=api_v3_business_search&utm_source=cM1zrjoabjXir-vOTu86eg,182,"['400 S Record St', 'Ste 150', 'Dallas, TX 75202']",https://s3-media1.fl.yelpcdn.com/bphoto/mVRGrYegGgTUkkcuQZPtnw/o.jpg,(972) 698-4250,"[{'alias': 'french', 'title': 'French'}, {'alias': 'desserts', 'title': 'Desserts'}, {'alias': 'cocktailbars', 'title': 'Cocktail Bars'}]"
05mSlYi2aKhyu9pZCKpmWw,The Old Warsaw,$$$,https://www.yelp.com/biz/the-old-warsaw-dallas-2?adjust_creative=cM1zrjoabjXir-vOTu86eg&utm_campaign=yelp_api_v3&utm_medium=api_v3_business_search&utm_source=cM1zrjoabjXir-vOTu86eg,630,"['2512 Maple Ave', 'Dallas, TX 75201']",https://s3-media1.fl.yelpcdn.com/bphoto/GjmZmWO8V09hH0FNg0GgVA/o.jpg,(214) 528-0032,"[{'alias': 'french', 'title': 'French'}, {'alias': 'seafood', 'title': 'Seafood'}, {'alias': 'steak', 'title': 'Steakhouses'}]"
KVlzcu0Ki_kLDXBzzYeCqg,Villa Azur,$$$$,https://www.yelp.com/biz/villa-azur-dallas?adjust_creative=cM1zrjoabjXir-vOTu86eg&utm_campaign=yelp_api_v3&utm_medium=api_v3_business_search&utm_source=cM1zrjoabjXir-vOTu86eg,86,"['2440 Victory Park Ln', 'Dallas, TX 75219']",https://s3-media1.fl.yelpcdn.com/bphoto/-Tk_oSlMaIKsxMZoMlFhrw/o.jpg,(214) 389-2602,"[{'alias': 'mediterranean', 'title': 'Mediterranean'}, {'alias': 'cocktailbars', 'title': 'Cocktail Bars'}, {'alias': 'french', 'title': 'French'}]"
eY8nmR9IhjU4Q90FrZu66w,The Mick Brasserie & Bar,$$$,https://www.yelp.com/biz/the-mick-brasserie-and-bar-scottsdale?adjust_creative=cM1zrjoabjXir-vOTu86eg&utm_campaign=yelp_api_v3&utm_medium=api_v3_business_search&utm_source=cM1zrjoabjXir-vOTu86eg,194,"['9719 N Hayden Rd', 'Ste B', 'Scottsdale, AZ 85258']",https://s3-media1.fl.yelpcdn.com/bphoto/kq89JcT8GsJnpGtwFd_DtA/o.jpg,(480) 246-6197,"[{'alias': 'french', 'title': 'French'}]"
iEsNloJgy-MyA-_wqeB6jg,Le Sans Souci French Restaurant,$$$,https://www.yelp.com/biz/le-sans-souci-french-restaurant-cave-creek?adjust_creative=cM1zrjoabjXir-vOTu86eg&utm_campaign=yelp_api_v3&utm_medium=api_v3_business_search&utm_source=cM1zrjoabjXir-vOTu86eg,167,"['7030 E Bella Vista Dr', 'Cave Creek, AZ 85331']",https://s3-media4.fl.yelpcdn.com/bphoto/TRXA7RjCSpc3zEL-oby0cw/o.jpg,(480) 488-2856,"[{'alias': 'french', 'title': 'French'}]"
Tl2nqtPXlLbAG3qkUYVM2g,Vincent's On Camelback,$$$,https://www.yelp.com/biz/vincents-on-camelback-phoenix?adjust_creative=cM1zrjoabjXir-vOTu86eg&utm_campaign=yelp_api_v3&utm_medium=api_v3_business_search&utm_source=cM1zrjoabjXir-vOTu86eg,220,"['3930 E Camelback Rd', 'Ste 202', 'Phoenix, AZ 85018']",https://s3-media4.fl.yelpcdn.com/bphoto/dj1d24Ym1nc1XcZFQcAlaQ/o.jpg,(602) 224-0225,"[{'alias': 'french', 'title': 'French'}]"
8PCOsJWQOquW2HU5kZx0Ww,Francine,$$$,https://www.yelp.com/biz/francine-scottsdale-3?adjust_creative=cM1zrjoabjXir-vOTu86eg&utm_campaign=yelp_api_v3&utm_medium=api_v3_business_search&utm_source=cM1zrjoabjXir-vOTu86eg,488,"['4710 N Goldwater Blvd', 'Scottsdale, AZ 85251']",https://s3-media1.fl.yelpcdn.com/bphoto/GfPeGjskjqjifYktV3XXgw/o.jpg,(480) 690-6180,"[{'alias': 'french', 'title': 'French'}, {'alias': 'seafood', 'title': 'Seafood'}, {'alias': 'mediterranean', 'title': 'Mediterranean'}]"
iuiPJYk_hIdGAUECcOsE7w,Brandys On Main,$$$,https://www.yelp.com/biz/brandys-on-main-hendersonville?adjust_creative=cM1zrjoabjXir-vOTu86eg&utm_campaign=yelp_api_v3&utm_medium=api_v3_business_search&utm_source=cM1zrjoabjXir-vOTu86eg,90,"['111 S Main St', 'Hendersonville, NC 28792']",https://s3-media3.fl.yelpcdn.com/bphoto/cT2BI1Yzu8hgaNYRMigwGA/o.jpg,(828) 513-1240,"[{'alias': 'newamerican', 'title': 'New American'}, {'alias': 'french', 'title': 'French'}, {'alias': 'salad', 'title': 'Salad'}]"
